"Filter_Threshold","Batch_Method","Log2FC","P_value","N_Tumor","N_Normal","Median_Tumor","Median_Normal","Analysis_ID","Cancer_Type"
5,"ComBat",1.02393285992949,0.0150580540759802,412,19,3.83434272597189,2.8104098660424,"5_ComBat","TCGA-BLCA"
5,"limma_removeBatchEffect",1.00934994171262,0.00190045935660519,412,19,3.59784819420345,2.58849825249083,"5_limma_removeBatchEffect","TCGA-BLCA"
5,"none",0.99106518791927,0.0303592848352893,412,19,3.82678718989362,2.83572200197435,"5_none","TCGA-BLCA"
10,"ComBat",0.966604375273912,0.0149021928341587,412,19,3.82860847100155,2.86200409572763,"10_ComBat","TCGA-BLCA"
10,"limma_removeBatchEffect",1.00934994171262,0.00190045935660519,412,19,3.59784819420345,2.58849825249083,"10_limma_removeBatchEffect","TCGA-BLCA"
10,"none",0.99106518791927,0.0303592848352893,412,19,3.82678718989362,2.83572200197435,"10_none","TCGA-BLCA"
20,"ComBat",0.957418627476082,0.0152153493622453,412,19,3.83498068760013,2.87756206012404,"20_ComBat","TCGA-BLCA"
20,"limma_removeBatchEffect",1.00934994171262,0.00190045935660519,412,19,3.59784819420345,2.58849825249083,"20_limma_removeBatchEffect","TCGA-BLCA"
20,"none",0.99106518791927,0.0303592848352893,412,19,3.82678718989362,2.83572200197435,"20_none","TCGA-BLCA"
30,"ComBat",0.986096257840094,0.0161898528721652,412,19,3.86880037562613,2.88270411778604,"30_ComBat","TCGA-BLCA"
30,"limma_removeBatchEffect",1.00934994171262,0.00190045935660519,412,19,3.59784819420345,2.58849825249083,"30_limma_removeBatchEffect","TCGA-BLCA"
30,"none",0.99106518791927,0.0303592848352893,412,19,3.82678718989362,2.83572200197435,"30_none","TCGA-BLCA"
5,"ComBat",0.225550966627718,0.000190022866830505,1111,113,4.23188609060134,4.00633512397362,"5_ComBat","TCGA-BRCA"
5,"limma_removeBatchEffect",0.259168207766791,0.00010363187528952,1111,113,4.50128102920113,4.24211282143434,"5_limma_removeBatchEffect","TCGA-BRCA"
5,"none",0.25719586656875,0.000419140035222539,1111,113,4.25263515918751,3.99543929261876,"5_none","TCGA-BRCA"
10,"ComBat",0.226089756624774,0.000244230236014425,1111,113,4.23182848178674,4.00573872516197,"10_ComBat","TCGA-BRCA"
10,"limma_removeBatchEffect",0.259168207766791,0.00010363187528952,1111,113,4.50128102920113,4.24211282143434,"10_limma_removeBatchEffect","TCGA-BRCA"
10,"none",0.25719586656875,0.000419140035222539,1111,113,4.25263515918751,3.99543929261876,"10_none","TCGA-BRCA"
20,"ComBat",0.225650452897132,0.00036830890565191,1111,113,4.23662908498758,4.01097863209045,"20_ComBat","TCGA-BRCA"
20,"limma_removeBatchEffect",0.259168207766791,0.00010363187528952,1111,113,4.50128102920113,4.24211282143434,"20_limma_removeBatchEffect","TCGA-BRCA"
20,"none",0.25719586656875,0.000419140035222539,1111,113,4.25263515918751,3.99543929261876,"20_none","TCGA-BRCA"
30,"ComBat",0.221257282218718,0.000503053466821024,1111,113,4.23874316367014,4.01748588145142,"30_ComBat","TCGA-BRCA"
30,"limma_removeBatchEffect",0.259168207766791,0.00010363187528952,1111,113,4.50128102920113,4.24211282143434,"30_limma_removeBatchEffect","TCGA-BRCA"
30,"none",0.25719586656875,0.000419140035222539,1111,113,4.25263515918751,3.99543929261876,"30_none","TCGA-BRCA"
5,"ComBat",1.05289162092056,0.0328401197037028,304,3,5.07048525462692,4.01759363370635,"5_ComBat","TCGA-CESC"
5,"limma_removeBatchEffect",0.697799193773903,0.0437594676364416,304,3,5.04795053576865,4.35015134199475,"5_limma_removeBatchEffect","TCGA-CESC"
5,"none",1.12399494190447,0.034479048436443,304,3,5.1050803888084,3.98108544690393,"5_none","TCGA-CESC"
10,"ComBat",1.04363896503451,0.0323088434347632,304,3,5.07163130624997,4.02799234121547,"10_ComBat","TCGA-CESC"
10,"limma_removeBatchEffect",0.697799193773903,0.0437594676364416,304,3,5.04795053576865,4.35015134199475,"10_limma_removeBatchEffect","TCGA-CESC"
10,"none",1.12399494190447,0.034479048436443,304,3,5.1050803888084,3.98108544690393,"10_none","TCGA-CESC"
20,"ComBat",1.01648947488021,0.034479048436443,304,3,5.06451288971095,4.04802341483074,"20_ComBat","TCGA-CESC"
20,"limma_removeBatchEffect",0.697799193773903,0.0437594676364416,304,3,5.04795053576865,4.35015134199475,"20_limma_removeBatchEffect","TCGA-CESC"
20,"none",1.12399494190447,0.034479048436443,304,3,5.1050803888084,3.98108544690393,"20_none","TCGA-CESC"
30,"ComBat",0.998140410896029,0.0350406645460035,304,3,5.06502323986467,4.06688282896864,"30_ComBat","TCGA-CESC"
30,"limma_removeBatchEffect",0.697799193773903,0.0437594676364416,304,3,5.04795053576865,4.35015134199475,"30_limma_removeBatchEffect","TCGA-CESC"
30,"none",1.12399494190447,0.034479048436443,304,3,5.1050803888084,3.98108544690393,"30_none","TCGA-CESC"
5,"ComBat",2.86462702061515,3.60259361885335e-05,35,9,4.63540548361023,1.77077846299508,"5_ComBat","TCGA-CHOL"
5,"limma_removeBatchEffect",3.17975204384882,2.14274472188089e-05,35,9,4.68464388780608,1.50489184395726,"5_limma_removeBatchEffect","TCGA-CHOL"
5,"none",3.27778509775471,3.60259361885335e-05,35,9,4.67279304090463,1.39500794314993,"5_none","TCGA-CHOL"
10,"ComBat",2.88705479009857,3.60259361885335e-05,35,9,4.66927335766434,1.78221856756577,"10_ComBat","TCGA-CHOL"
10,"limma_removeBatchEffect",3.17975204384882,2.14274472188089e-05,35,9,4.68464388780608,1.50489184395726,"10_limma_removeBatchEffect","TCGA-CHOL"
10,"none",3.27778509775471,3.60259361885335e-05,35,9,4.67279304090463,1.39500794314993,"10_none","TCGA-CHOL"
20,"ComBat",2.92239013869357,3.60259361885335e-05,35,9,4.70935699715065,1.78696685845708,"20_ComBat","TCGA-CHOL"
20,"limma_removeBatchEffect",3.17975204384882,2.14274472188089e-05,35,9,4.68464388780608,1.50489184395726,"20_limma_removeBatchEffect","TCGA-CHOL"
20,"none",3.27778509775471,3.60259361885335e-05,35,9,4.67279304090463,1.39500794314993,"20_none","TCGA-CHOL"
30,"ComBat",2.96244555779936,4.08716329001884e-05,35,9,4.74523653500254,1.78279097720318,"30_ComBat","TCGA-CHOL"
30,"limma_removeBatchEffect",3.17975204384882,2.14274472188089e-05,35,9,4.68464388780608,1.50489184395726,"30_limma_removeBatchEffect","TCGA-CHOL"
30,"none",3.27778509775471,3.60259361885335e-05,35,9,4.67279304090463,1.39500794314993,"30_none","TCGA-CHOL"
5,"ComBat",1.13393121769162,5.23837965012696e-12,481,41,2.96549403217562,1.831562814484,"5_ComBat","TCGA-COAD"
5,"limma_removeBatchEffect",1.31735877907864,2.11422945338795e-15,481,41,2.58771330922695,1.27035453014831,"5_limma_removeBatchEffect","TCGA-COAD"
5,"none",1.22933024906655,1.6431636458823e-12,481,41,2.96528560307881,1.73595535401226,"5_none","TCGA-COAD"
10,"ComBat",1.14606828065218,9.29704399853579e-12,481,41,2.98149894850339,1.83543066785121,"10_ComBat","TCGA-COAD"
10,"limma_removeBatchEffect",1.31735877907864,2.11422945338795e-15,481,41,2.58771330922695,1.27035453014831,"10_limma_removeBatchEffect","TCGA-COAD"
10,"none",1.22933024906655,1.6431636458823e-12,481,41,2.96528560307881,1.73595535401226,"10_none","TCGA-COAD"
20,"ComBat",1.13472653890005,1.45552099639423e-11,481,41,2.97037990494982,1.83565336604978,"20_ComBat","TCGA-COAD"
20,"limma_removeBatchEffect",1.31735877907864,2.11422945338795e-15,481,41,2.58771330922695,1.27035453014831,"20_limma_removeBatchEffect","TCGA-COAD"
20,"none",1.22933024906655,1.6431636458823e-12,481,41,2.96528560307881,1.73595535401226,"20_none","TCGA-COAD"
5,"ComBat",2.31590257139932,0.000145962384595074,184,13,4.51591017934589,2.20000760794657,"5_ComBat","TCGA-ESCA"
5,"limma_removeBatchEffect",1.47277359463371,1.51587857499987e-05,184,13,4.39528353803786,2.92250994340415,"5_limma_removeBatchEffect","TCGA-ESCA"
5,"none",2.51183522153479,0.000161508391345895,184,13,4.51219585021831,2.00036062868351,"5_none","TCGA-ESCA"
10,"ComBat",2.30486714348524,0.000155111776018849,184,13,4.50500339497408,2.20013625148884,"10_ComBat","TCGA-ESCA"
10,"limma_removeBatchEffect",1.47277359463371,1.51587857499987e-05,184,13,4.39528353803786,2.92250994340415,"10_limma_removeBatchEffect","TCGA-ESCA"
10,"none",2.51183522153479,0.000161508391345895,184,13,4.51219585021831,2.00036062868351,"10_none","TCGA-ESCA"
20,"ComBat",2.29165401469895,0.000171570357454685,184,13,4.48833590536104,2.19668189066209,"20_ComBat","TCGA-ESCA"
20,"limma_removeBatchEffect",1.47277359463371,1.51587857499987e-05,184,13,4.39528353803786,2.92250994340415,"20_limma_removeBatchEffect","TCGA-ESCA"
20,"none",2.51183522153479,0.000161508391345895,184,13,4.51219585021831,2.00036062868351,"20_none","TCGA-ESCA"
30,"ComBat",2.2770298185376,0.000171570357454685,184,13,4.47541936261575,2.19838954407814,"30_ComBat","TCGA-ESCA"
30,"limma_removeBatchEffect",1.47277359463371,1.51587857499987e-05,184,13,4.39528353803786,2.92250994340415,"30_limma_removeBatchEffect","TCGA-ESCA"
30,"none",2.51183522153479,0.000161508391345895,184,13,4.51219585021831,2.00036062868351,"30_none","TCGA-ESCA"
5,"ComBat",0.0977291831827385,0.812229684490583,372,5,3.00371318165687,2.90598399847413,"5_ComBat","TCGA-GBM"
5,"limma_removeBatchEffect",0.119015087032277,0.825072715991471,372,5,3.29643175542479,3.17741666839251,"5_limma_removeBatchEffect","TCGA-GBM"
5,"none",0.199482152260043,0.717733153935448,372,5,3.03752627838879,2.83804412612874,"5_none","TCGA-GBM"
10,"ComBat",0.0865148505101851,0.812229684490583,372,5,2.99946011143852,2.91294526092834,"10_ComBat","TCGA-GBM"
10,"limma_removeBatchEffect",0.119015087032277,0.825072715991471,372,5,3.29643175542479,3.17741666839251,"10_limma_removeBatchEffect","TCGA-GBM"
10,"none",0.199482152260043,0.717733153935448,372,5,3.03752627838879,2.83804412612874,"10_none","TCGA-GBM"
20,"ComBat",0.0860601536569607,0.815435854315808,372,5,3.0066754072694,2.92061525361244,"20_ComBat","TCGA-GBM"
20,"limma_removeBatchEffect",0.119015087032277,0.825072715991471,372,5,3.29643175542479,3.17741666839251,"20_limma_removeBatchEffect","TCGA-GBM"
20,"none",0.199482152260043,0.717733153935448,372,5,3.03752627838879,2.83804412612874,"20_none","TCGA-GBM"
5,"ComBat",1.4125240486711,1.31868128126851e-16,520,44,5.60791640906304,4.19539236039195,"5_ComBat","TCGA-HNSC"
5,"limma_removeBatchEffect",1.43296990414804,2.02221011055465e-17,520,44,5.69992920207328,4.26695929792524,"5_limma_removeBatchEffect","TCGA-HNSC"
5,"none",1.49653789513457,5.86737837869964e-18,520,44,5.58042985290355,4.08389195776897,"5_none","TCGA-HNSC"
10,"ComBat",1.41034990053435,1.3293827720071e-16,520,44,5.60488144991222,4.19453154937787,"10_ComBat","TCGA-HNSC"
10,"limma_removeBatchEffect",1.43296990414804,2.02221011055465e-17,520,44,5.69992920207328,4.26695929792524,"10_limma_removeBatchEffect","TCGA-HNSC"
10,"none",1.49653789513457,5.86737837869964e-18,520,44,5.58042985290355,4.08389195776897,"10_none","TCGA-HNSC"
20,"ComBat",1.4082336651889,1.34016988123817e-16,520,44,5.60167393115284,4.19344026596394,"20_ComBat","TCGA-HNSC"
20,"limma_removeBatchEffect",1.43296990414804,2.02221011055465e-17,520,44,5.69992920207328,4.26695929792524,"20_limma_removeBatchEffect","TCGA-HNSC"
20,"none",1.49653789513457,5.86737837869964e-18,520,44,5.58042985290355,4.08389195776897,"20_none","TCGA-HNSC"
30,"ComBat",1.40912758847295,1.3293827720071e-16,520,44,5.60090210085179,4.19177451237884,"30_ComBat","TCGA-HNSC"
30,"limma_removeBatchEffect",1.43296990414804,2.02221011055465e-17,520,44,5.69992920207328,4.26695929792524,"30_limma_removeBatchEffect","TCGA-HNSC"
30,"none",1.49653789513457,5.86737837869964e-18,520,44,5.58042985290355,4.08389195776897,"30_none","TCGA-HNSC"
5,"ComBat",-0.711347780083651,0.00246655668861045,66,25,1.05365208654688,1.76499986663053,"5_ComBat","TCGA-KICH"
5,"limma_removeBatchEffect",-0.58582580591648,0.000301246388008559,66,25,1.01384402586069,1.59966983177717,"5_limma_removeBatchEffect","TCGA-KICH"
5,"none",-0.679251327090029,5.96162449565735e-05,66,25,1.04609720591418,1.72534853300421,"5_none","TCGA-KICH"
5,"ComBat",1.16554285677758,6.6206041082348e-20,541,72,2.29254006026633,1.12699720348875,"5_ComBat","TCGA-KIRC"
5,"limma_removeBatchEffect",1.16187921070802,9.08638437297098e-21,541,72,2.40316087315286,1.24128166244484,"5_limma_removeBatchEffect","TCGA-KIRC"
5,"none",1.14212980357954,1.28745128805557e-19,541,72,2.26309451687486,1.12096471329532,"5_none","TCGA-KIRC"
10,"ComBat",1.20697084622572,4.23736792537611e-20,541,72,2.29787935875054,1.09090851252482,"10_ComBat","TCGA-KIRC"
10,"limma_removeBatchEffect",1.16187921070802,9.08638437297098e-21,541,72,2.40316087315286,1.24128166244484,"10_limma_removeBatchEffect","TCGA-KIRC"
10,"none",1.14212980357954,1.28745128805557e-19,541,72,2.26309451687486,1.12096471329532,"10_none","TCGA-KIRC"
5,"ComBat",2.19722856185358,1.01821673599884e-11,290,32,3.64452213541291,1.44729357355933,"5_ComBat","TCGA-KIRP"
5,"limma_removeBatchEffect",1.87899721588123,1.77408381847195e-10,290,32,3.8324014558798,1.95340423999857,"5_limma_removeBatchEffect","TCGA-KIRP"
5,"none",2.33084596681349,2.63400608922794e-12,290,32,3.6532606097915,1.32241464297801,"5_none","TCGA-KIRP"
10,"ComBat",2.23980507755292,7.92379770269287e-12,290,32,3.66320488656785,1.42339980901493,"10_ComBat","TCGA-KIRP"
10,"limma_removeBatchEffect",1.87899721588123,1.77408381847195e-10,290,32,3.8324014558798,1.95340423999857,"10_limma_removeBatchEffect","TCGA-KIRP"
10,"none",2.33084596681349,2.63400608922794e-12,290,32,3.6532606097915,1.32241464297801,"10_none","TCGA-KIRP"
20,"ComBat",2.25056177421083,6.6991826069778e-12,290,32,3.66163095007721,1.41106917586637,"20_ComBat","TCGA-KIRP"
20,"limma_removeBatchEffect",1.87899721588123,1.77408381847195e-10,290,32,3.8324014558798,1.95340423999857,"20_limma_removeBatchEffect","TCGA-KIRP"
20,"none",2.33084596681349,2.63400608922794e-12,290,32,3.6532606097915,1.32241464297801,"20_none","TCGA-KIRP"
30,"ComBat",2.24508391359925,6.24553295556693e-12,290,32,3.65383284615055,1.4087489325513,"30_ComBat","TCGA-KIRP"
30,"limma_removeBatchEffect",1.87899721588123,1.77408381847195e-10,290,32,3.8324014558798,1.95340423999857,"30_limma_removeBatchEffect","TCGA-KIRP"
30,"none",2.33084596681349,2.63400608922794e-12,290,32,3.6532606097915,1.32241464297801,"30_none","TCGA-KIRP"
5,"ComBat",0.802583321065321,0.000444873108417022,371,50,2.05049712311262,1.2479138020473,"5_ComBat","TCGA-LIHC"
5,"limma_removeBatchEffect",0.952989200247119,4.47827592146228e-06,371,50,2.00095159523544,1.04796239498832,"5_limma_removeBatchEffect","TCGA-LIHC"
5,"none",0.893327983978223,2.76929474362077e-05,371,50,1.98156043229606,1.08823244831783,"5_none","TCGA-LIHC"
10,"ComBat",0.810691689165939,0.000451131275150612,371,50,2.06391517172798,1.25322348256204,"10_ComBat","TCGA-LIHC"
10,"limma_removeBatchEffect",0.952989200247119,4.47827592146228e-06,371,50,2.00095159523544,1.04796239498832,"10_limma_removeBatchEffect","TCGA-LIHC"
10,"none",0.893327983978223,2.76929474362077e-05,371,50,1.98156043229606,1.08823244831783,"10_none","TCGA-LIHC"
20,"ComBat",0.804297799524992,0.000360210085614926,371,50,2.05720363132466,1.25290583179967,"20_ComBat","TCGA-LIHC"
20,"limma_removeBatchEffect",0.952989200247119,4.47827592146228e-06,371,50,2.00095159523544,1.04796239498832,"20_limma_removeBatchEffect","TCGA-LIHC"
20,"none",0.893327983978223,2.76929474362077e-05,371,50,1.98156043229606,1.08823244831783,"20_none","TCGA-LIHC"
30,"ComBat",0.816505148269238,0.000292200925429053,371,50,2.06687904919663,1.25037390092739,"30_ComBat","TCGA-LIHC"
30,"limma_removeBatchEffect",0.952989200247119,4.47827592146228e-06,371,50,2.00095159523544,1.04796239498832,"30_limma_removeBatchEffect","TCGA-LIHC"
30,"none",0.893327983978223,2.76929474362077e-05,371,50,1.98156043229606,1.08823244831783,"30_none","TCGA-LIHC"
5,"ComBat",0.342713060174685,0.0765280033205248,540,59,3.24539764805858,2.9026845878839,"5_ComBat","TCGA-LUAD"
5,"limma_removeBatchEffect",0.440281039841835,0.00255543124457588,540,59,3.27742940172848,2.83714836188665,"5_limma_removeBatchEffect","TCGA-LUAD"
5,"none",0.379321670560115,0.0392858606320135,540,59,3.26596935989057,2.88664768933046,"5_none","TCGA-LUAD"
10,"ComBat",0.334720335614278,0.0862104910040894,540,59,3.2450961332059,2.91037579759162,"10_ComBat","TCGA-LUAD"
10,"limma_removeBatchEffect",0.440281039841835,0.00255543124457588,540,59,3.27742940172848,2.83714836188665,"10_limma_removeBatchEffect","TCGA-LUAD"
10,"none",0.379321670560115,0.0392858606320135,540,59,3.26596935989057,2.88664768933046,"10_none","TCGA-LUAD"
20,"ComBat",0.301034565455384,0.102899018721669,540,59,3.23138959191953,2.93035502646415,"20_ComBat","TCGA-LUAD"
20,"limma_removeBatchEffect",0.440281039841835,0.00255543124457588,540,59,3.27742940172848,2.83714836188665,"20_limma_removeBatchEffect","TCGA-LUAD"
20,"none",0.379321670560115,0.0392858606320135,540,59,3.26596935989057,2.88664768933046,"20_none","TCGA-LUAD"
5,"ComBat",1.50816982365244,1.6466190576742e-17,511,51,4.77035138905226,3.26218156539982,"5_ComBat","TCGA-LUSC"
5,"limma_removeBatchEffect",1.52969951306538,4.90235004473229e-18,511,51,4.83682510715281,3.30712559408742,"5_limma_removeBatchEffect","TCGA-LUSC"
5,"none",1.54386810056507,9.00615835297805e-18,511,51,4.76733698899696,3.22346888843189,"5_none","TCGA-LUSC"
10,"ComBat",1.49116999017327,1.73905408077582e-17,511,51,4.76094443898355,3.26977444881029,"10_ComBat","TCGA-LUSC"
10,"limma_removeBatchEffect",1.52969951306538,4.90235004473229e-18,511,51,4.83682510715281,3.30712559408742,"10_limma_removeBatchEffect","TCGA-LUSC"
10,"none",1.54386810056507,9.00615835297805e-18,511,51,4.76733698899696,3.22346888843189,"10_none","TCGA-LUSC"
20,"ComBat",1.4877107181678,2.11293888701696e-17,511,51,4.77040733364163,3.28269661547382,"20_ComBat","TCGA-LUSC"
20,"limma_removeBatchEffect",1.52969951306538,4.90235004473229e-18,511,51,4.83682510715281,3.30712559408742,"20_limma_removeBatchEffect","TCGA-LUSC"
20,"none",1.54386810056507,9.00615835297805e-18,511,51,4.76733698899696,3.22346888843189,"20_none","TCGA-LUSC"
30,"ComBat",1.47985685374443,2.46824479163489e-17,511,51,4.7744836477689,3.29462679402447,"30_ComBat","TCGA-LUSC"
30,"limma_removeBatchEffect",1.52969951306538,4.90235004473229e-18,511,51,4.83682510715281,3.30712559408742,"30_limma_removeBatchEffect","TCGA-LUSC"
30,"none",1.54386810056507,9.00615835297805e-18,511,51,4.76733698899696,3.22346888843189,"30_none","TCGA-LUSC"
5,"ComBat",-0.967768307861688,0.302234813560188,178,4,4.87538864857376,5.84315695643544,"5_ComBat","TCGA-PAAD"
5,"limma_removeBatchEffect",-1.00035236291154,0.271833569343243,178,4,4.97490463060049,5.97525699351203,"5_limma_removeBatchEffect","TCGA-PAAD"
5,"none",-1.15229197710576,0.193476817985658,178,4,4.85314958534714,6.0054415624529,"5_none","TCGA-PAAD"
10,"ComBat",-0.978371591695238,0.288943075578713,178,4,4.87068446556453,5.84905605725976,"10_ComBat","TCGA-PAAD"
10,"limma_removeBatchEffect",-1.00035236291154,0.271833569343243,178,4,4.97490463060049,5.97525699351203,"10_limma_removeBatchEffect","TCGA-PAAD"
10,"none",-1.15229197710576,0.193476817985658,178,4,4.85314958534714,6.0054415624529,"10_none","TCGA-PAAD"
20,"ComBat",-1.00094425050971,0.271842157712558,178,4,4.85954540370229,5.860489654212,"20_ComBat","TCGA-PAAD"
20,"limma_removeBatchEffect",-1.00035236291154,0.271833569343243,178,4,4.97490463060049,5.97525699351203,"20_limma_removeBatchEffect","TCGA-PAAD"
20,"none",-1.15229197710576,0.193476817985658,178,4,4.85314958534714,6.0054415624529,"20_none","TCGA-PAAD"
30,"ComBat",-1.0245591872467,0.267677483377127,178,4,4.8443328068698,5.8688919941165,"30_ComBat","TCGA-PAAD"
30,"limma_removeBatchEffect",-1.00035236291154,0.271833569343243,178,4,4.97490463060049,5.97525699351203,"30_limma_removeBatchEffect","TCGA-PAAD"
30,"none",-1.15229197710576,0.193476817985658,178,4,4.85314958534714,6.0054415624529,"30_none","TCGA-PAAD"
5,"ComBat",0.412129437963562,0.419851398671068,179,3,1.44309778644041,1.03096834847685,"5_ComBat","TCGA-PCPG"
5,"limma_removeBatchEffect",0.943835950429955,0.109087393030519,179,3,1.74302288418413,0.799186933754173,"5_limma_removeBatchEffect","TCGA-PCPG"
5,"none",0.0875272003252658,0.707129866953781,179,3,1.4125105712498,1.32498337092454,"5_none","TCGA-PCPG"
5,"ComBat",0.200523151879038,0.0363391424975062,501,52,2.04982006208593,1.84929691020689,"5_ComBat","TCGA-PRAD"
5,"limma_removeBatchEffect",0.0239911836449918,0.846360296646959,501,52,2.20289286817066,2.17890168452566,"5_limma_removeBatchEffect","TCGA-PRAD"
5,"none",0.127997727219618,0.0440323434230412,501,52,2.0573462904158,1.92934856319618,"5_none","TCGA-PRAD"
5,"ComBat",0.975252953823582,0.000106199429894445,166,10,2.78010071341637,1.80484775959279,"5_ComBat","TCGA-READ"
5,"limma_removeBatchEffect",1.11221213198152,1.93555720246734e-05,166,10,2.64690555160207,1.53469341962054,"5_limma_removeBatchEffect","TCGA-READ"
5,"none",1.05717243287436,0.000137810149654405,166,10,2.81311770732531,1.75594527445095,"5_none","TCGA-READ"
10,"ComBat",0.970531216593899,0.000111915146859688,166,10,2.7789327318672,1.8084015152733,"10_ComBat","TCGA-READ"
10,"limma_removeBatchEffect",1.11221213198152,1.93555720246734e-05,166,10,2.64690555160207,1.53469341962054,"10_limma_removeBatchEffect","TCGA-READ"
10,"none",1.05717243287436,0.000137810149654405,166,10,2.81311770732531,1.75594527445095,"10_none","TCGA-READ"
5,"ComBat",1.54890884031954,2.04250369560959e-08,412,36,3.35482254867025,1.80591370835071,"5_ComBat","TCGA-STAD"
5,"limma_removeBatchEffect",1.48154704026896,2.2785140049153e-10,412,36,3.4579959258217,1.97644888555275,"5_limma_removeBatchEffect","TCGA-STAD"
5,"none",1.52596133656372,2.34160768687018e-09,412,36,3.35922584601256,1.83326450944883,"5_none","TCGA-STAD"
10,"ComBat",1.54309835696331,2.45906211383202e-08,412,36,3.35522168781363,1.81212333085033,"10_ComBat","TCGA-STAD"
10,"limma_removeBatchEffect",1.48154704026896,2.2785140049153e-10,412,36,3.4579959258217,1.97644888555275,"10_limma_removeBatchEffect","TCGA-STAD"
10,"none",1.52596133656372,2.34160768687018e-09,412,36,3.35922584601256,1.83326450944883,"10_none","TCGA-STAD"
20,"ComBat",1.54322249714013,3.1930937656828e-08,412,36,3.36215852666847,1.81893602952834,"20_ComBat","TCGA-STAD"
20,"limma_removeBatchEffect",1.48154704026896,2.2785140049153e-10,412,36,3.4579959258217,1.97644888555275,"20_limma_removeBatchEffect","TCGA-STAD"
20,"none",1.52596133656372,2.34160768687018e-09,412,36,3.35922584601256,1.83326450944883,"20_none","TCGA-STAD"
5,"ComBat",1.12998143614072,2.60110798257602e-16,505,59,4.00201586074982,2.8720344246091,"5_ComBat","TCGA-THCA"
5,"limma_removeBatchEffect",1.09236177838043,1.15903401826966e-17,505,59,4.17162789504865,3.07926611666822,"5_limma_removeBatchEffect","TCGA-THCA"
5,"none",1.13427251369258,1.1473058544484e-16,505,59,4.02261637906735,2.88834386537477,"5_none","TCGA-THCA"
10,"ComBat",1.12811423658815,3.61425744145613e-16,505,59,4.00549623320876,2.87738199662061,"10_ComBat","TCGA-THCA"
10,"limma_removeBatchEffect",1.09236177838043,1.15903401826966e-17,505,59,4.17162789504865,3.07926611666822,"10_limma_removeBatchEffect","TCGA-THCA"
10,"none",1.13427251369258,1.1473058544484e-16,505,59,4.02261637906735,2.88834386537477,"10_none","TCGA-THCA"
20,"ComBat",1.11175034750342,4.87675209084969e-16,505,59,3.99693098285963,2.88518063535621,"20_ComBat","TCGA-THCA"
20,"limma_removeBatchEffect",1.09236177838043,1.15903401826966e-17,505,59,4.17162789504865,3.07926611666822,"20_limma_removeBatchEffect","TCGA-THCA"
20,"none",1.13427251369258,1.1473058544484e-16,505,59,4.02261637906735,2.88834386537477,"20_none","TCGA-THCA"
5,"ComBat",-0.219532610191769,0.121822521135838,553,35,2.38493119419442,2.60446380438619,"5_ComBat","TCGA-UCEC"
5,"limma_removeBatchEffect",-0.462262824702072,0.00112410938414628,553,35,2.58002663445685,3.04228945915892,"5_limma_removeBatchEffect","TCGA-UCEC"
5,"none",-0.305963143219817,0.054520814856321,553,35,2.39489822415673,2.70086136737654,"5_none","TCGA-UCEC"
10,"ComBat",-0.24891749280748,0.100894486446135,553,35,2.38020850867179,2.62912600147927,"10_ComBat","TCGA-UCEC"
10,"limma_removeBatchEffect",-0.462262824702072,0.00112410938414628,553,35,2.58002663445685,3.04228945915892,"10_limma_removeBatchEffect","TCGA-UCEC"
10,"none",-0.305963143219817,0.054520814856321,553,35,2.39489822415673,2.70086136737654,"10_none","TCGA-UCEC"
